NA,NA,ROUTE_NOT_FOUND
NA,NA,ROUTE_NOT_FOUND
NA,NA,ROUTE_NOT_FOUND
NA,NA,ROUTE_NOT_FOUND
NA,NA,ROUTE_NOT_FOUND
NA,NA,ROUTE_NOT_FOUND
NA,NA,ROUTE_NOT_FOUND
NA,NA,ROUTE_NOT_FOUND
NA,NA,ROUTE_NOT_FOUND
NA,NA,ROUTE_NOT_FOUND
NA,NA,ROUTE_NOT_FOUND
NA,NA,ROUTE_NOT_FOUND
NA,NA,ROUTE_NOT_FOUND
NA,NA,ROUTE_NOT_FOUND
NA,NA,ROUTE_NOT_FOUND
NA,NA,ROUTE_NOT_FOUND
NA,NA,ROUTE_NOT_FOUND
NA,NA,ROUTE_NOT_FOUND
NA,NA,ROUTE_NOT_FOUND
NA,NA,ROUTE_NOT_FOUND
NA,NA,ROUTE_NOT_FOUND
NA,NA,ROUTE_NOT_FOUND
NA,NA,ROUTE_NOT_FOUND
NA,NA,ROUTE_NOT_FOUND
NA,NA,ROUTE_NOT_FOUND
NA,NA,ROUTE_NOT_FOUND
NA,NA,ROUTE_NOT_FOUND
NA,NA,ROUTE_NOT_FOUND
NA,NA,ROUTE_NOT_FOUND
NA,NA,ROUTE_NOT_FOUND
NA,NA,ROUTE_NOT_FOUND
NA,NA,ROUTE_NOT_FOUND
NA,NA,ROUTE_NOT_FOUND
NA,NA,ROUTE_NOT_FOUND
NA,NA,ROUTE_NOT_FOUND
NA,NA,ROUTE_NOT_FOUND
NA,NA,ROUTE_NOT_FOUND
NA,NA,ROUTE_NOT_FOUND
NA,NA,ROUTE_NOT_FOUND
NA,NA,ROUTE_NOT_FOUND
NA,NA,ROUTE_NOT_FOUND
NA,NA,ROUTE_NOT_FOUND
NA,NA,ROUTE_NOT_FOUND
NA,NA,ROUTE_NOT_FOUND
NA,NA,ROUTE_NOT_FOUND
NA,NA,ROUTE_NOT_FOUND
NA,NA,ROUTE_NOT_FOUND
NA,NA,ROUTE_NOT_FOUND
NA,NA,ROUTE_NOT_FOUND
NA,NA,ROUTE_NOT_FOUND
NA,NA,ROUTE_NOT_FOUND
NA,NA,ROUTE_NOT_FOUND
NA,NA,ROUTE_NOT_FOUND
NA,NA,ROUTE_NOT_FOUND
NA,NA,ROUTE_NOT_FOUND
NA,NA,ROUTE_NOT_FOUND
NA,NA,ROUTE_NOT_FOUND
NA,NA,ROUTE_NOT_FOUND
NA,NA,ROUTE_NOT_FOUND
NA,NA,ROUTE_NOT_FOUND
NA,NA,ROUTE_NOT_FOUND
NA,NA,ROUTE_NOT_FOUND
NA,NA,ROUTE_NOT_FOUND
NA,NA,ROUTE_NOT_FOUND
NA,NA,ROUTE_NOT_FOUND
NA,NA,ROUTE_NOT_FOUND
NA,NA,ROUTE_NOT_FOUND
NA,NA,ROUTE_NOT_FOUND
NA,NA,ROUTE_NOT_FOUND
NA,NA,ROUTE_NOT_FOUND
NA,NA,ROUTE_NOT_FOUND
NA,NA,ROUTE_NOT_FOUND
NA,NA,ROUTE_NOT_FOUND
